Workbook

Sheet Dashboard
A1: MahaKarya Studio — Dashboard operasional
A2: Bulan (yyyy-mm): | B2: =TEXT(TODAY(),"yyyy-mm") | D2: Ubah B2 untuk melihat bulan lain. Semua angka dihitung dari tab Pesanan, Kas, Stok.
A4: HARI INI (cek tiap pagi & sore) | D4: BULAN INI
A5: Chat belum dibalas (status Baru) | B5: =COUNTIF(Pesanan!$C$2:$C$501,"Baru") | D5: Pesanan masuk | E5: =COUNTIF(Pesanan!$U$2:$U$501,$B$2)
A6: Menunggu bayar > 1 hari | B6: =SUMPRODUCT((Pesanan!$C$2:$C$501="Tunggu bayar")*(Pesanan!$B$2:$B$501<>"")*(Pesanan!$B$2:$B$501<TODAY()-1)) | D6: Terbayar (Cetak+Dikirim+Selesai) | E6: =COUNTIFS(Pesanan!$U$2:$U$501,$B$2,Pesanan!$C$2:$C$501,"Cetak")+COUNTIFS(Pesanan!$U$2:$U$501,$B$2,Pesanan!$C$2:$C$501,"Dikirim")+COUNTIFS(Pesanan!$U$2:$U$501,$B$2,Pesanan!$C$2:$C$501,"Selesai")
A7: Sedang dicetak | B7: =COUNTIF(Pesanan!$C$2:$C$501,"Cetak") | D7: Konversi chat → bayar | E7: =IF(E5=0,0,E6/E5)
A8: Terlambat dari janji selesai | B8: =COUNTIF(Pesanan!$T$2:$T$501,"YA") | D8: Omzet lampu terbayar | E8: =SUMIFS(Pesanan!$G$2:$G$501,Pesanan!$U$2:$U$501,$B$2,Pesanan!$C$2:$C$501,"Cetak")+SUMIFS(Pesanan!$G$2:$G$501,Pesanan!$U$2:$U$501,$B$2,Pesanan!$C$2:$C$501,"Dikirim")+SUMIFS(Pesanan!$G$2:$G$501,Pesanan!$U$2:$U$501,$B$2,Pesanan!$C$2:$C$501,"Selesai")
A9: Item stok harus dibeli | B9: =COUNTIF(Stok!$O$2:$O$501,"BELI") | D9: Kas masuk | E9: =SUMIFS(Kas!$E$2:$E$501,Kas!$B$2:$B$501,"Masuk",Kas!$G$2:$G$501,$B$2)
A10: Dikirim, belum ditanya kabar (>3 hari) | B10: =SUMPRODUCT((Pesanan!$C$2:$C$501="Dikirim")*(Pesanan!$O$2:$O$501<>"")*(Pesanan!$O$2:$O$501<TODAY()-3)) | D10: Kas keluar | E10: =SUMIFS(Kas!$E$2:$E$501,Kas!$B$2:$B$501,"Keluar",Kas!$G$2:$G$501,$B$2)
D11: Arus kas bersih bulan ini | E11: =E9-E10
D12: Saldo kas (semua waktu) | E12: =SUMIF(Kas!$B$2:$B$501,"Masuk",Kas!$E$2:$E$501)-SUMIF(Kas!$B$2:$B$501,"Keluar",Kas!$E$2:$E$501)
D13: Nilai stok di gudang | E13: =Stok!K28
D14: Rata-rata hari bayar → kirim | E14: =IFERROR(SUMPRODUCT((Pesanan!$S$2:$S$501<>"")*(Pesanan!$U$2:$U$501=$B$2)*Pesanan!$S$2:$S$501)/SUMPRODUCT((Pesanan!$S$2:$S$501<>"")*(Pesanan!$U$2:$U$501=$B$2)),0)
A16: 6 BULAN TERAKHIR
A17: Bulan | B17: Pesanan | C17: Terbayar | D17: Omzet lampu | E17: Kas bersih
A18: =TEXT(EDATE(DATE(VALUE(LEFT($B$2,4)),VALUE(RIGHT($B$2,2)),1),-5),"yyyy-mm") | B18: =COUNTIF(Pesanan!$U$2:$U$501,A18) | C18: =COUNTIFS(Pesanan!$U$2:$U$501,A18,Pesanan!$C$2:$C$501,"Cetak")+COUNTIFS(Pesanan!$U$2:$U$501,A18,Pesanan!$C$2:$C$501,"Dikirim")+COUNTIFS(Pesanan!$U$2:$U$501,A18,Pesanan!$C$2:$C$501,"Selesai") | D18: =SUMIFS(Pesanan!$G$2:$G$501,Pesanan!$U$2:$U$501,A18,Pesanan!$C$2:$C$501,"Cetak")+SUMIFS(Pesanan!$G$2:$G$501,Pesanan!$U$2:$U$501,A18,Pesanan!$C$2:$C$501,"Dikirim")+SUMIFS(Pesanan!$G$2:$G$501,Pesanan!$U$2:$U$501,A18,Pesanan!$C$2:$C$501,"Selesai") | E18: =SUMIFS(Kas!$E$2:$E$501,Kas!$B$2:$B$501,"Masuk",Kas!$G$2:$G$501,A18)-SUMIFS(Kas!$E$2:$E$501,Kas!$B$2:$B$501,"Keluar",Kas!$G$2:$G$501,A18)
A19: =TEXT(EDATE(DATE(VALUE(LEFT($B$2,4)),VALUE(RIGHT($B$2,2)),1),-4),"yyyy-mm") | B19: =COUNTIF(Pesanan!$U$2:$U$501,A19) | C19: =COUNTIFS(Pesanan!$U$2:$U$501,A19,Pesanan!$C$2:$C$501,"Cetak")+COUNTIFS(Pesanan!$U$2:$U$501,A19,Pesanan!$C$2:$C$501,"Dikirim")+COUNTIFS(Pesanan!$U$2:$U$501,A19,Pesanan!$C$2:$C$501,"Selesai") | D19: =SUMIFS(Pesanan!$G$2:$G$501,Pesanan!$U$2:$U$501,A19,Pesanan!$C$2:$C$501,"Cetak")+SUMIFS(Pesanan!$G$2:$G$501,Pesanan!$U$2:$U$501,A19,Pesanan!$C$2:$C$501,"Dikirim")+SUMIFS(Pesanan!$G$2:$G$501,Pesanan!$U$2:$U$501,A19,Pesanan!$C$2:$C$501,"Selesai") | E19: =SUMIFS(Kas!$E$2:$E$501,Kas!$B$2:$B$501,"Masuk",Kas!$G$2:$G$501,A19)-SUMIFS(Kas!$E$2:$E$501,Kas!$B$2:$B$501,"Keluar",Kas!$G$2:$G$501,A19)
A20: =TEXT(EDATE(DATE(VALUE(LEFT($B$2,4)),VALUE(RIGHT($B$2,2)),1),-3),"yyyy-mm") | B20: =COUNTIF(Pesanan!$U$2:$U$501,A20) | C20: =COUNTIFS(Pesanan!$U$2:$U$501,A20,Pesanan!$C$2:$C$501,"Cetak")+COUNTIFS(Pesanan!$U$2:$U$501,A20,Pesanan!$C$2:$C$501,"Dikirim")+COUNTIFS(Pesanan!$U$2:$U$501,A20,Pesanan!$C$2:$C$501,"Selesai") | D20: =SUMIFS(Pesanan!$G$2:$G$501,Pesanan!$U$2:$U$501,A20,Pesanan!$C$2:$C$501,"Cetak")+SUMIFS(Pesanan!$G$2:$G$501,Pesanan!$U$2:$U$501,A20,Pesanan!$C$2:$C$501,"Dikirim")+SUMIFS(Pesanan!$G$2:$G$501,Pesanan!$U$2:$U$501,A20,Pesanan!$C$2:$C$501,"Selesai") | E20: =SUMIFS(Kas!$E$2:$E$501,Kas!$B$2:$B$501,"Masuk",Kas!$G$2:$G$501,A20)-SUMIFS(Kas!$E$2:$E$501,Kas!$B$2:$B$501,"Keluar",Kas!$G$2:$G$501,A20)
A21: =TEXT(EDATE(DATE(VALUE(LEFT($B$2,4)),VALUE(RIGHT($B$2,2)),1),-2),"yyyy-mm") | B21: =COUNTIF(Pesanan!$U$2:$U$501,A21) | C21: =COUNTIFS(Pesanan!$U$2:$U$501,A21,Pesanan!$C$2:$C$501,"Cetak")+COUNTIFS(Pesanan!$U$2:$U$501,A21,Pesanan!$C$2:$C$501,"Dikirim")+COUNTIFS(Pesanan!$U$2:$U$501,A21,Pesanan!$C$2:$C$501,"Selesai") | D21: =SUMIFS(Pesanan!$G$2:$G$501,Pesanan!$U$2:$U$501,A21,Pesanan!$C$2:$C$501,"Cetak")+SUMIFS(Pesanan!$G$2:$G$501,Pesanan!$U$2:$U$501,A21,Pesanan!$C$2:$C$501,"Dikirim")+SUMIFS(Pesanan!$G$2:$G$501,Pesanan!$U$2:$U$501,A21,Pesanan!$C$2:$C$501,"Selesai") | E21: =SUMIFS(Kas!$E$2:$E$501,Kas!$B$2:$B$501,"Masuk",Kas!$G$2:$G$501,A21)-SUMIFS(Kas!$E$2:$E$501,Kas!$B$2:$B$501,"Keluar",Kas!$G$2:$G$501,A21)
A22: =TEXT(EDATE(DATE(VALUE(LEFT($B$2,4)),VALUE(RIGHT($B$2,2)),1),-1),"yyyy-mm") | B22: =COUNTIF(Pesanan!$U$2:$U$501,A22) | C22: =COUNTIFS(Pesanan!$U$2:$U$501,A22,Pesanan!$C$2:$C$501,"Cetak")+COUNTIFS(Pesanan!$U$2:$U$501,A22,Pesanan!$C$2:$C$501,"Dikirim")+COUNTIFS(Pesanan!$U$2:$U$501,A22,Pesanan!$C$2:$C$501,"Selesai") | D22: =SUMIFS(Pesanan!$G$2:$G$501,Pesanan!$U$2:$U$501,A22,Pesanan!$C$2:$C$501,"Cetak")+SUMIFS(Pesanan!$G$2:$G$501,Pesanan!$U$2:$U$501,A22,Pesanan!$C$2:$C$501,"Dikirim")+SUMIFS(Pesanan!$G$2:$G$501,Pesanan!$U$2:$U$501,A22,Pesanan!$C$2:$C$501,"Selesai") | E22: =SUMIFS(Kas!$E$2:$E$501,Kas!$B$2:$B$501,"Masuk",Kas!$G$2:$G$501,A22)-SUMIFS(Kas!$E$2:$E$501,Kas!$B$2:$B$501,"Keluar",Kas!$G$2:$G$501,A22)
A23: =TEXT(EDATE(DATE(VALUE(LEFT($B$2,4)),VALUE(RIGHT($B$2,2)),1),-0),"yyyy-mm") | B23: =COUNTIF(Pesanan!$U$2:$U$501,A23) | C23: =COUNTIFS(Pesanan!$U$2:$U$501,A23,Pesanan!$C$2:$C$501,"Cetak")+COUNTIFS(Pesanan!$U$2:$U$501,A23,Pesanan!$C$2:$C$501,"Dikirim")+COUNTIFS(Pesanan!$U$2:$U$501,A23,Pesanan!$C$2:$C$501,"Selesai") | D23: =SUMIFS(Pesanan!$G$2:$G$501,Pesanan!$U$2:$U$501,A23,Pesanan!$C$2:$C$501,"Cetak")+SUMIFS(Pesanan!$G$2:$G$501,Pesanan!$U$2:$U$501,A23,Pesanan!$C$2:$C$501,"Dikirim")+SUMIFS(Pesanan!$G$2:$G$501,Pesanan!$U$2:$U$501,A23,Pesanan!$C$2:$C$501,"Selesai") | E23: =SUMIFS(Kas!$E$2:$E$501,Kas!$B$2:$B$501,"Masuk",Kas!$G$2:$G$501,A23)-SUMIFS(Kas!$E$2:$E$501,Kas!$B$2:$B$501,"Keluar",Kas!$G$2:$G$501,A23)
A26: STOK YANG HARUS DIBELI (dari tab Stok)
A27: Item | B27: Saldo | C27: Titik pesan ulang | D27: Status
A28: =IF(Stok!O2="BELI",Stok!B2,"") | B28: =IF(Stok!O2="BELI",Stok!J2,"") | C28: =IF(Stok!O2="BELI",Stok!N2,"") | D28: =IF(Stok!O2="BELI","BELI","")
A29: =IF(Stok!O3="BELI",Stok!B3,"") | B29: =IF(Stok!O3="BELI",Stok!J3,"") | C29: =IF(Stok!O3="BELI",Stok!N3,"") | D29: =IF(Stok!O3="BELI","BELI","")
A30: =IF(Stok!O4="BELI",Stok!B4,"") | B30: =IF(Stok!O4="BELI",Stok!J4,"") | C30: =IF(Stok!O4="BELI",Stok!N4,"") | D30: =IF(Stok!O4="BELI","BELI","")
A31: =IF(Stok!O5="BELI",Stok!B5,"") | B31: =IF(Stok!O5="BELI",Stok!J5,"") | C31: =IF(Stok!O5="BELI",Stok!N5,"") | D31: =IF(Stok!O5="BELI","BELI","")
A32: =IF(Stok!O6="BELI",Stok!B6,"") | B32: =IF(Stok!O6="BELI",Stok!J6,"") | C32: =IF(Stok!O6="BELI",Stok!N6,"") | D32: =IF(Stok!O6="BELI","BELI","")
A33: =IF(Stok!O7="BELI",Stok!B7,"") | B33: =IF(Stok!O7="BELI",Stok!J7,"") | C33: =IF(Stok!O7="BELI",Stok!N7,"") | D33: =IF(Stok!O7="BELI","BELI","")
A34: =IF(Stok!O8="BELI",Stok!B8,"") | B34: =IF(Stok!O8="BELI",Stok!J8,"") | C34: =IF(Stok!O8="BELI",Stok!N8,"") | D34: =IF(Stok!O8="BELI","BELI","")
A35: =IF(Stok!O9="BELI",Stok!B9,"") | B35: =IF(Stok!O9="BELI",Stok!J9,"") | C35: =IF(Stok!O9="BELI",Stok!N9,"") | D35: =IF(Stok!O9="BELI","BELI","")
A36: =IF(Stok!O10="BELI",Stok!B10,"") | B36: =IF(Stok!O10="BELI",Stok!J10,"") | C36: =IF(Stok!O10="BELI",Stok!N10,"") | D36: =IF(Stok!O10="BELI","BELI","")
A37: =IF(Stok!O11="BELI",Stok!B11,"") | B37: =IF(Stok!O11="BELI",Stok!J11,"") | C37: =IF(Stok!O11="BELI",Stok!N11,"") | D37: =IF(Stok!O11="BELI","BELI","")
A38: =IF(Stok!O12="BELI",Stok!B12,"") | B38: =IF(Stok!O12="BELI",Stok!J12,"") | C38: =IF(Stok!O12="BELI",Stok!N12,"") | D38: =IF(Stok!O12="BELI","BELI","")
A39: =IF(Stok!O13="BELI",Stok!B13,"") | B39: =IF(Stok!O13="BELI",Stok!J13,"") | C39: =IF(Stok!O13="BELI",Stok!N13,"") | D39: =IF(Stok!O13="BELI","BELI","")
... A52: =IF(Stok!O26="BELI",Stok!B26,"") | B52: =IF(Stok!O26="BELI",Stok!J26,"") | C52: =IF(Stok!O26="BELI",Stok!N26,"") | D52: =IF(Stok!O26="BELI","BELI","")

Sheet Pesanan
A1: ID | B1: Tanggal | C1: Status | D1: Nama | E1: No WA | F1: Kode rakitan | G1: Harga lampu | H1: Zona | I1: Ongkir | J1: Alamat | K1: Tgl bayar | L1: Janji selesai | M1: Kurir | N1: Resi | O1: Perkiraan tiba | P1: Tgl selesai | Q1: Catatan | R1: Total | S1: Hari bayar→kirim | T1: Terlambat? | U1: Bulan
A2: P261006-01 | B2: 46301 | C2: Cetak | D2: Contoh Pembeli | E2: 6281xxxxxxx | F2: MK-PLIGAD-BOLZAI-CINKRE-KUBSAL-BULHIT | G2: 447000 | H2: Jabodetabek | I2: 20000 | J2: Jl. Contoh No. 1, Jakarta Selatan | K2: 46301 | L2: 46308 | Q2: Baris contoh, hapus | R2: =IF(A2="","",N(G2)+N(I2)) | S2: =IF(OR(K2="",O2=""),"",O2-K2) | T2: =IF(AND(C2="Cetak",L2<>"",L2<TODAY()),"YA","") | U2: =IF(B2="","",TEXT(B2,"yyyy-mm"))
R3: =IF(A3="","",N(G3)+N(I3)) | S3: =IF(OR(K3="",O3=""),"",O3-K3) | T3: =IF(AND(C3="Cetak",L3<>"",L3<TODAY()),"YA","") | U3: =IF(B3="","",TEXT(B3,"yyyy-mm"))
R4: =IF(A4="","",N(G4)+N(I4)) | S4: =IF(OR(K4="",O4=""),"",O4-K4) | T4: =IF(AND(C4="Cetak",L4<>"",L4<TODAY()),"YA","") | U4: =IF(B4="","",TEXT(B4,"yyyy-mm"))
R5: =IF(A5="","",N(G5)+N(I5)) | S5: =IF(OR(K5="",O5=""),"",O5-K5) | T5: =IF(AND(C5="Cetak",L5<>"",L5<TODAY()),"YA","") | U5: =IF(B5="","",TEXT(B5,"yyyy-mm"))
R6: =IF(A6="","",N(G6)+N(I6)) | S6: =IF(OR(K6="",O6=""),"",O6-K6) | T6: =IF(AND(C6="Cetak",L6<>"",L6<TODAY()),"YA","") | U6: =IF(B6="","",TEXT(B6,"yyyy-mm"))
R7: =IF(A7="","",N(G7)+N(I7)) | S7: =IF(OR(K7="",O7=""),"",O7-K7) | T7: =IF(AND(C7="Cetak",L7<>"",L7<TODAY()),"YA","") | U7: =IF(B7="","",TEXT(B7,"yyyy-mm"))
R8: =IF(A8="","",N(G8)+N(I8)) | S8: =IF(OR(K8="",O8=""),"",O8-K8) | T8: =IF(AND(C8="Cetak",L8<>"",L8<TODAY()),"YA","") | U8: =IF(B8="","",TEXT(B8,"yyyy-mm"))
R9: =IF(A9="","",N(G9)+N(I9)) | S9: =IF(OR(K9="",O9=""),"",O9-K9) | T9: =IF(AND(C9="Cetak",L9<>"",L9<TODAY()),"YA","") | U9: =IF(B9="","",TEXT(B9,"yyyy-mm"))
R10: =IF(A10="","",N(G10)+N(I10)) | S10: =IF(OR(K10="",O10=""),"",O10-K10) | T10: =IF(AND(C10="Cetak",L10<>"",L10<TODAY()),"YA","") | U10: =IF(B10="","",TEXT(B10,"yyyy-mm"))
R11: =IF(A11="","",N(G11)+N(I11)) | S11: =IF(OR(K11="",O11=""),"",O11-K11) | T11: =IF(AND(C11="Cetak",L11<>"",L11<TODAY()),"YA","") | U11: =IF(B11="","",TEXT(B11,"yyyy-mm"))
R12: =IF(A12="","",N(G12)+N(I12)) | S12: =IF(OR(K12="",O12=""),"",O12-K12) | T12: =IF(AND(C12="Cetak",L12<>"",L12<TODAY()),"YA","") | U12: =IF(B12="","",TEXT(B12,"yyyy-mm"))
R13: =IF(A13="","",N(G13)+N(I13)) | S13: =IF(OR(K13="",O13=""),"",O13-K13) | T13: =IF(AND(C13="Cetak",L13<>"",L13<TODAY()),"YA","") | U13: =IF(B13="","",TEXT(B13,"yyyy-mm"))
R14: =IF(A14="","",N(G14)+N(I14)) | S14: =IF(OR(K14="",O14=""),"",O14-K14) | T14: =IF(AND(C14="Cetak",L14<>"",L14<TODAY()),"YA","") | U14: =IF(B14="","",TEXT(B14,"yyyy-mm"))
... R501: =IF(A501="","",N(G501)+N(I501)) | S501: =IF(OR(K501="",O501=""),"",O501-K501) | T501: =IF(AND(C501="Cetak",L501<>"",L501<TODAY()),"YA","") | U501: =IF(B501="","",TEXT(B501,"yyyy-mm"))

Sheet Stok
A1: Kode | B1: Item | C1: Kategori | D1: Satuan | E1: Harga beli / satuan | F1: Stok minimum | G1: Lead time beli (hari) | H1: Masuk total | I1: Keluar total | J1: Saldo | K1: Nilai stok | L1: Pakai 30 hari | M1: Hari tersisa | N1: Titik pesan ulang | O1: Status
A2: F-KRE | B2: Filamen PLA matte Krem | C2: Filamen | D2: kg | E2: 175000 | F2: 0.5 | G2: 5 | H2: =SUMIF(Kartu_Stok!$B$2:$B$501,A2,Kartu_Stok!$C$2:$C$501) | I2: =SUMIF(Kartu_Stok!$B$2:$B$501,A2,Kartu_Stok!$D$2:$D$501) | J2: =H2-I2 | K2: =J2*E2 | L2: =SUMIFS(Kartu_Stok!$D$2:$D$501,Kartu_Stok!$B$2:$B$501,A2,Kartu_Stok!$A$2:$A$501,">="&(TODAY()-30)) | M2: =IF(L2=0,"",ROUND(J2/(L2/30),0)) | N2: =F2+L2/30*G2 | O2: =IF(J2<=N2,"BELI","OK")
A3: F-HIT | B3: Filamen PLA matte Hitam arang | C3: Filamen | D3: kg | E3: 175000 | F3: 0.5 | G3: 5 | H3: =SUMIF(Kartu_Stok!$B$2:$B$501,A3,Kartu_Stok!$C$2:$C$501) | I3: =SUMIF(Kartu_Stok!$B$2:$B$501,A3,Kartu_Stok!$D$2:$D$501) | J3: =H3-I3 | K3: =J3*E3 | L3: =SUMIFS(Kartu_Stok!$D$2:$D$501,Kartu_Stok!$B$2:$B$501,A3,Kartu_Stok!$A$2:$A$501,">="&(TODAY()-30)) | M3: =IF(L3=0,"",ROUND(J3/(L3/30),0)) | N3: =F3+L3/30*G3 | O3: =IF(J3<=N3,"BELI","OK")
A4: F-BAT | B4: Filamen PLA matte Merah bata | C4: Filamen | D4: kg | E4: 175000 | F4: 0.5 | G4: 5 | H4: =SUMIF(Kartu_Stok!$B$2:$B$501,A4,Kartu_Stok!$C$2:$C$501) | I4: =SUMIF(Kartu_Stok!$B$2:$B$501,A4,Kartu_Stok!$D$2:$D$501) | J4: =H4-I4 | K4: =J4*E4 | L4: =SUMIFS(Kartu_Stok!$D$2:$D$501,Kartu_Stok!$B$2:$B$501,A4,Kartu_Stok!$A$2:$A$501,">="&(TODAY()-30)) | M4: =IF(L4=0,"",ROUND(J4/(L4/30),0)) | N4: =F4+L4/30*G4 | O4: =IF(J4<=N4,"BELI","OK")
A5: F-ZAI | B5: Filamen PLA matte Zaitun | C5: Filamen | D5: kg | E5: 175000 | F5: 0.5 | G5: 5 | H5: =SUMIF(Kartu_Stok!$B$2:$B$501,A5,Kartu_Stok!$C$2:$C$501) | I5: =SUMIF(Kartu_Stok!$B$2:$B$501,A5,Kartu_Stok!$D$2:$D$501) | J5: =H5-I5 | K5: =J5*E5 | L5: =SUMIFS(Kartu_Stok!$D$2:$D$501,Kartu_Stok!$B$2:$B$501,A5,Kartu_Stok!$A$2:$A$501,">="&(TODAY()-30)) | M5: =IF(L5=0,"",ROUND(J5/(L5/30),0)) | N5: =F5+L5/30*G5 | O5: =IF(J5<=N5,"BELI","OK")
A6: F-SAL | B6: Filamen PLA matte Salmon | C6: Filamen | D6: kg | E6: 175000 | F6: 0.5 | G6: 5 | H6: =SUMIF(Kartu_Stok!$B$2:$B$501,A6,Kartu_Stok!$C$2:$C$501) | I6: =SUMIF(Kartu_Stok!$B$2:$B$501,A6,Kartu_Stok!$D$2:$D$501) | J6: =H6-I6 | K6: =J6*E6 | L6: =SUMIFS(Kartu_Stok!$D$2:$D$501,Kartu_Stok!$B$2:$B$501,A6,Kartu_Stok!$A$2:$A$501,">="&(TODAY()-30)) | M6: =IF(L6=0,"",ROUND(J6/(L6/30),0)) | N6: =F6+L6/30*G6 | O6: =IF(J6<=N6,"BELI","OK")
A7: F-GAD | B7: Filamen PLA natural Gading (kap) | C7: Filamen | D7: kg | E7: 175000 | F7: 0.5 | G7: 5 | H7: =SUMIF(Kartu_Stok!$B$2:$B$501,A7,Kartu_Stok!$C$2:$C$501) | I7: =SUMIF(Kartu_Stok!$B$2:$B$501,A7,Kartu_Stok!$D$2:$D$501) | J7: =H7-I7 | K7: =J7*E7 | L7: =SUMIFS(Kartu_Stok!$D$2:$D$501,Kartu_Stok!$B$2:$B$501,A7,Kartu_Stok!$A$2:$A$501,">="&(TODAY()-30)) | M7: =IF(L7=0,"",ROUND(J7/(L7/30),0)) | N7: =F7+L7/30*G7 | O7: =IF(J7<=N7,"BELI","OK")
A8: F-PUT | B8: Filamen PLA Putih (kap) | C8: Filamen | D8: kg | E8: 175000 | F8: 0.5 | G8: 5 | H8: =SUMIF(Kartu_Stok!$B$2:$B$501,A8,Kartu_Stok!$C$2:$C$501) | I8: =SUMIF(Kartu_Stok!$B$2:$B$501,A8,Kartu_Stok!$D$2:$D$501) | J8: =H8-I8 | K8: =J8*E8 | L8: =SUMIFS(Kartu_Stok!$D$2:$D$501,Kartu_Stok!$B$2:$B$501,A8,Kartu_Stok!$A$2:$A$501,">="&(TODAY()-30)) | M8: =IF(L8=0,"",ROUND(J8/(L8/30),0)) | N8: =F8+L8/30*G8 | O8: =IF(J8<=N8,"BELI","OK")
A9: K-KIT | B9: Kit kelistrikan ber-SNI/K3L | C9: Komponen | D9: pcs | E9: 35000 | F9: 10 | G9: 7 | H9: =SUMIF(Kartu_Stok!$B$2:$B$501,A9,Kartu_Stok!$C$2:$C$501) | I9: =SUMIF(Kartu_Stok!$B$2:$B$501,A9,Kartu_Stok!$D$2:$D$501) | J9: =H9-I9 | K9: =J9*E9 | L9: =SUMIFS(Kartu_Stok!$D$2:$D$501,Kartu_Stok!$B$2:$B$501,A9,Kartu_Stok!$A$2:$A$501,">="&(TODAY()-30)) | M9: =IF(L9=0,"",ROUND(J9/(L9/30),0)) | N9: =F9+L9/30*G9 | O9: =IF(J9<=N9,"BELI","OK")
A10: K-LED | B10: Bohlam LED 5 W hangat | C10: Komponen | D10: pcs | E10: 18000 | F10: 5 | G10: 7 | H10: =SUMIF(Kartu_Stok!$B$2:$B$501,A10,Kartu_Stok!$C$2:$C$501) | I10: =SUMIF(Kartu_Stok!$B$2:$B$501,A10,Kartu_Stok!$D$2:$D$501) | J10: =H10-I10 | K10: =J10*E10 | L10: =SUMIFS(Kartu_Stok!$D$2:$D$501,Kartu_Stok!$B$2:$B$501,A10,Kartu_Stok!$A$2:$A$501,">="&(TODAY()-30)) | M10: =IF(L10=0,"",ROUND(J10/(L10/30),0)) | N10: =F10+L10/30*G10 | O10: =IF(J10<=N10,"BELI","OK")
A11: K-INS | B11: Heat-set insert M20 / mur ulir | C11: Komponen | D11: pcs | E11: 3000 | F11: 20 | G11: 10 | H11: =SUMIF(Kartu_Stok!$B$2:$B$501,A11,Kartu_Stok!$C$2:$C$501) | I11: =SUMIF(Kartu_Stok!$B$2:$B$501,A11,Kartu_Stok!$D$2:$D$501) | J11: =H11-I11 | K11: =J11*E11 | L11: =SUMIFS(Kartu_Stok!$D$2:$D$501,Kartu_Stok!$B$2:$B$501,A11,Kartu_Stok!$A$2:$A$501,">="&(TODAY()-30)) | M11: =IF(L11=0,"",ROUND(J11/(L11/30),0)) | N11: =F11+L11/30*G11 | O11: =IF(J11<=N11,"BELI","OK")
A12: P-BOX | B12: Kardus double-wall 25×25×25 | C12: Kemasan | D12: pcs | E12: 12000 | F12: 10 | G12: 5 | H12: =SUMIF(Kartu_Stok!$B$2:$B$501,A12,Kartu_Stok!$C$2:$C$501) | I12: =SUMIF(Kartu_Stok!$B$2:$B$501,A12,Kartu_Stok!$D$2:$D$501) | J12: =H12-I12 | K12: =J12*E12 | L12: =SUMIFS(Kartu_Stok!$D$2:$D$501,Kartu_Stok!$B$2:$B$501,A12,Kartu_Stok!$A$2:$A$501,">="&(TODAY()-30)) | M12: =IF(L12=0,"",ROUND(J12/(L12/30),0)) | N12: =F12+L12/30*G12 | O12: =IF(J12<=N12,"BELI","OK")
A13: P-BUS | B13: Busa / sleeve pelindung | C13: Kemasan | D13: pcs | E13: 5000 | F13: 10 | G13: 5 | H13: =SUMIF(Kartu_Stok!$B$2:$B$501,A13,Kartu_Stok!$C$2:$C$501) | I13: =SUMIF(Kartu_Stok!$B$2:$B$501,A13,Kartu_Stok!$D$2:$D$501) | J13: =H13-I13 | K13: =J13*E13 | L13: =SUMIFS(Kartu_Stok!$D$2:$D$501,Kartu_Stok!$B$2:$B$501,A13,Kartu_Stok!$A$2:$A$501,">="&(TODAY()-30)) | M13: =IF(L13=0,"",ROUND(J13/(L13/30),0)) | N13: =F13+L13/30*G13 | O13: =IF(J13<=N13,"BELI","OK")
... A26: M-BUN | B26: Modul alas Bunga | C26: Modul jadi | D26: pcs | E26: 0 | F26: 1 | G26: 0 | H26: =SUMIF(Kartu_Stok!$B$2:$B$501,A26,Kartu_Stok!$C$2:$C$501) | I26: =SUMIF(Kartu_Stok!$B$2:$B$501,A26,Kartu_Stok!$D$2:$D$501) | J26: =H26-I26 | K26: =J26*E26 | L26: =SUMIFS(Kartu_Stok!$D$2:$D$501,Kartu_Stok!$B$2:$B$501,A26,Kartu_Stok!$A$2:$A$501,">="&(TODAY()-30)) | M26: =IF(L26=0,"",ROUND(J26/(L26/30),0)) | N26: =F26+L26/30*G26 | O26: =IF(J26<=N26,"BELI","OK")
A28: Nilai seluruh stok | K28: =SUM(K2:K26)
A29: Catatan: Saldo dihitung dari Kartu_Stok. Jangan mengetik angka di kolom H–O. Harga beli, stok minimum, dan lead time (biru) boleh diubah. Modul jadi: stok minimum 1 per bentuk warna gading/krem untuk menjaga janji 3–5 hari.

Sheet Kartu_Stok
A1: Tanggal | B1: Kode item | C1: Masuk | D1: Keluar | E1: Keterangan (nota / pesanan) | F1: Ref pesanan | G1: Nama item | H1: Satuan
A2: 46301 | B2: F-KRE | C2: 1 | E2: Stok awal 1 roll (contoh, hapus) | G2: =IF(B2="","",IFERROR(VLOOKUP(B2,Stok!$A$2:$D$60,2,FALSE),"kode?")) | H2: =IF(B2="","",IFERROR(VLOOKUP(B2,Stok!$A$2:$D$60,4,FALSE),""))
A3: 46301 | B3: K-KIT | C3: 20 | E3: Beli 20 pcs MOQ (contoh, hapus) | G3: =IF(B3="","",IFERROR(VLOOKUP(B3,Stok!$A$2:$D$60,2,FALSE),"kode?")) | H3: =IF(B3="","",IFERROR(VLOOKUP(B3,Stok!$A$2:$D$60,4,FALSE),""))
A4: 46303 | B4: F-KRE | D4: 0.45 | E4: Cetak pesanan (contoh, hapus) | F4: P261006-01 | G4: =IF(B4="","",IFERROR(VLOOKUP(B4,Stok!$A$2:$D$60,2,FALSE),"kode?")) | H4: =IF(B4="","",IFERROR(VLOOKUP(B4,Stok!$A$2:$D$60,4,FALSE),""))
G5: =IF(B5="","",IFERROR(VLOOKUP(B5,Stok!$A$2:$D$60,2,FALSE),"kode?")) | H5: =IF(B5="","",IFERROR(VLOOKUP(B5,Stok!$A$2:$D$60,4,FALSE),""))
G6: =IF(B6="","",IFERROR(VLOOKUP(B6,Stok!$A$2:$D$60,2,FALSE),"kode?")) | H6: =IF(B6="","",IFERROR(VLOOKUP(B6,Stok!$A$2:$D$60,4,FALSE),""))
G7: =IF(B7="","",IFERROR(VLOOKUP(B7,Stok!$A$2:$D$60,2,FALSE),"kode?")) | H7: =IF(B7="","",IFERROR(VLOOKUP(B7,Stok!$A$2:$D$60,4,FALSE),""))
G8: =IF(B8="","",IFERROR(VLOOKUP(B8,Stok!$A$2:$D$60,2,FALSE),"kode?")) | H8: =IF(B8="","",IFERROR(VLOOKUP(B8,Stok!$A$2:$D$60,4,FALSE),""))
G9: =IF(B9="","",IFERROR(VLOOKUP(B9,Stok!$A$2:$D$60,2,FALSE),"kode?")) | H9: =IF(B9="","",IFERROR(VLOOKUP(B9,Stok!$A$2:$D$60,4,FALSE),""))
G10: =IF(B10="","",IFERROR(VLOOKUP(B10,Stok!$A$2:$D$60,2,FALSE),"kode?")) | H10: =IF(B10="","",IFERROR(VLOOKUP(B10,Stok!$A$2:$D$60,4,FALSE),""))
G11: =IF(B11="","",IFERROR(VLOOKUP(B11,Stok!$A$2:$D$60,2,FALSE),"kode?")) | H11: =IF(B11="","",IFERROR(VLOOKUP(B11,Stok!$A$2:$D$60,4,FALSE),""))
G12: =IF(B12="","",IFERROR(VLOOKUP(B12,Stok!$A$2:$D$60,2,FALSE),"kode?")) | H12: =IF(B12="","",IFERROR(VLOOKUP(B12,Stok!$A$2:$D$60,4,FALSE),""))
G13: =IF(B13="","",IFERROR(VLOOKUP(B13,Stok!$A$2:$D$60,2,FALSE),"kode?")) | H13: =IF(B13="","",IFERROR(VLOOKUP(B13,Stok!$A$2:$D$60,4,FALSE),""))
G14: =IF(B14="","",IFERROR(VLOOKUP(B14,Stok!$A$2:$D$60,2,FALSE),"kode?")) | H14: =IF(B14="","",IFERROR(VLOOKUP(B14,Stok!$A$2:$D$60,4,FALSE),""))
G15: =IF(B15="","",IFERROR(VLOOKUP(B15,Stok!$A$2:$D$60,2,FALSE),"kode?")) | H15: =IF(B15="","",IFERROR(VLOOKUP(B15,Stok!$A$2:$D$60,4,FALSE),""))
G16: =IF(B16="","",IFERROR(VLOOKUP(B16,Stok!$A$2:$D$60,2,FALSE),"kode?")) | H16: =IF(B16="","",IFERROR(VLOOKUP(B16,Stok!$A$2:$D$60,4,FALSE),""))
... G501: =IF(B501="","",IFERROR(VLOOKUP(B501,Stok!$A$2:$D$60,2,FALSE),"kode?")) | H501: =IF(B501="","",IFERROR(VLOOKUP(B501,Stok!$A$2:$D$60,4,FALSE),""))

Sheet Kas
A1: Tanggal | B1: Jenis | C1: Kategori | D1: Keterangan | E1: Jumlah | F1: Ref pesanan | G1: Bulan
A2: 46301 | B2: Masuk | C2: Penjualan lampu | D2: Transfer P261006-01 (contoh, hapus) | E2: 467000 | F2: P261006-01 | G2: =IF(A2="","",TEXT(A2,"yyyy-mm"))
A3: 46301 | B3: Keluar | C3: Komponen | D3: Kit kelistrikan 20 pcs (contoh, hapus) | E3: 700000 | G3: =IF(A3="","",TEXT(A3,"yyyy-mm"))
G4: =IF(A4="","",TEXT(A4,"yyyy-mm"))
G5: =IF(A5="","",TEXT(A5,"yyyy-mm"))
G6: =IF(A6="","",TEXT(A6,"yyyy-mm"))
G7: =IF(A7="","",TEXT(A7,"yyyy-mm"))
G8: =IF(A8="","",TEXT(A8,"yyyy-mm"))
G9: =IF(A9="","",TEXT(A9,"yyyy-mm"))
G10: =IF(A10="","",TEXT(A10,"yyyy-mm"))
G11: =IF(A11="","",TEXT(A11,"yyyy-mm"))
G12: =IF(A12="","",TEXT(A12,"yyyy-mm"))
G13: =IF(A13="","",TEXT(A13,"yyyy-mm"))
G14: =IF(A14="","",TEXT(A14,"yyyy-mm"))
G15: =IF(A15="","",TEXT(A15,"yyyy-mm"))
... G501: =IF(A501="","",TEXT(A501,"yyyy-mm"))

Sheet Panduan
A1: RITME | B1: Apa yang dicatat, di mana, kapan
A2: Setiap pesanan | B2: admin.html: tempel pesan WA → simpan. Saat bayar: tambah baris di tab Kas (Masuk, Penjualan lampu, ref ID pesanan). Saat cetak selesai: tab Kartu_Stok, kolom Keluar untuk filamen (kg) dan kit/LED/kemasan (pcs), ref ID pesanan.
A3: Setiap belanja | B3: Tab Kas (Keluar, kategori) DAN tab Kartu_Stok (Masuk) pada hari yang sama. Dua baris, satu nota.
A4: Harian (pagi & sore, 5 menit) | B4: Dashboard baris 5–10: chat belum dibalas harus 0 sebelum tutup hari; cek Tunggu bayar > 1 hari (kirim /ingat sekali); cek Terlambat dan Item stok BELI.
A5: Mingguan (Sabtu, 20 menit) | B5: 1) admin.html → Unduh CSV → tempel ke tab Pesanan (ganti semua baris). 2) admin.html → Unduh JSON (cadangan). 3) Tab Stok: hitung fisik 7 roll filamen dan kit; kalau beda dengan Saldo, tambah baris koreksi di Kartu_Stok. 4) Pesan ulang semua item berstatus BELI.
A6: Bulanan (tanggal 1, 30 menit) | B6: 1) Dashboard B2 ganti ke bulan yang baru selesai; catat 4 angka: pesanan, konversi, omzet, kas bersih. 2) Salin angka itu ke sheet Actual_vs_Target di model keuangan. 3) Bandingkan Stok!Nilai seluruh stok dengan proyeksi Inventory_Stock. 4) Tinjau warna/bentuk terlaris (Laporan di model lama atau filter Pesanan) → tentukan modul jadi yang distok bulan depan.
A8: TAB | B8: Fungsi
A9: Dashboard | B9: Angka harian dan bulanan, 6 bulan terakhir, daftar stok yang harus dibeli. Tidak diketik, hanya dibaca.
A10: Pesanan | B10: Rekap semua pesanan; sumbernya admin.html (CSV). Boleh diedit manual kalau ada pesanan di luar website (B2B).
A11: Kas | B11: Semua uang masuk dan keluar. Satu baris per transaksi. Ini sumber laporan keuangan bulanan.
A12: Stok | B12: Master item dan saldo. Hanya kolom biru yang diketik (harga, minimum, lead time).
A13: Kartu_Stok | B13: Buku besar stok: setiap masuk/keluar satu baris. Saldo di tab Stok dihitung dari sini.
... A16: Kolom tanggal | B16: Ketik yyyy-mm-dd (mis. 2026-10-06) supaya rumus bulan membaca dengan benar. Di Google Sheets format ini otomatis dikenali.
